member_id,join_date,age,gender,city,membership_type,height_cm,weight_kg,referral_source,is_student,gender_clean,city_clean,height_m,BMI,age_group
1,2023-04-13,26.0,Female,Sharjah,Basic,175.2,80.9,Social Media,1,Female,Sharjah,1.7519999999999998,26.356049707053653,26-35
2,2024-05-06,23.0,Female,Al Ain,Basic,170.2,68.6,,0,Female,Al Ain,1.702,23.681270807413963,18-25
3,2024-04-20,31.0,Female,Sharjah,Standard,162.3,44.6,Friend,0,Female,Sharjah,1.6230000000000002,16.931592947801718,26-35
4,2023-12-06,37.0,Female,Sharjah,Basic,170.45,64.4,Friend,0,Female,Sharjah,1.7045,22.166231072116755,36-45
5,2023-04-16,26.0,Female,Dubai,Basic,170.7,86.8,Friend,0,Female,Dubai,1.7069999999999999,29.788777661436818,26-35
6,2023-12-04,48.0,Male,Al Ain,Basic,151.2,54.5,Online Ad,0,Male,Al Ain,1.5119999999999998,23.839268217575103,46-60
7,2023-05-19,34.0,Male,Abu Dhabi,Premium,160.9,61.6,,0,Male,Abu Dhabi,1.609,23.794063921825686,26-35
8,2023-04-09,29.0,Female,Abu Dhabi,Premium,160.7,86.8,Friend,0,Female,Abu Dhabi,1.607,33.611505977465576,26-35
9,2024-01-28,25.0,Female,Al Ain,Standard,173.3,79.5,Walk-in,1,Female,Al Ain,1.733,26.470978983374554,18-25
10,2023-02-05,22.0,Male,Dubai,Basic,168.9,60.7,Online Ad,0,Male,Dubai,1.689,21.277930789586502,18-25
11,2023-11-27,24.0,Male,dubai,Basic,166.4,61.9,Walk-in,0,Male,Dubai,1.6640000000000001,22.355480306952657,18-25
12,2023-08-13,26.0,Male,Al Ain,Standard,172.6,73.9,Online Ad,0,Male,Al Ain,1.726,24.80634935127536,26-35
13,2024-01-21,24.0,F,dubai,Basic,174.6,96.5,Social Media,0,Female,Dubai,1.746,31.654746112534756,18-25
14,2024-02-20,37.0,Male,Sharjah,Standard,169.5,77.2,Walk-in,0,Male,Sharjah,1.695,26.870632869536465,36-45
15,2023-07-20,23.0,Male,Dubai,Basic,164.3,59.1,Social Media,0,Male,Dubai,1.643,21.89335675539712,18-25
16,2023-12-04,33.0,Female,Sharjah,Standard,163.7,67.2,Online Ad,0,Female,Sharjah,1.6369999999999998,25.076788335113967,26-35
17,2023-01-02,37.0,Male,Sharjah,Standard,171.5,87.8,Online Ad,0,Male,Sharjah,1.715,29.85150745012707,36-45
18,2023-04-09,42.0,M,Dubai,Premium,156.7,77.2,Online Ad,0,Male,Dubai,1.567,31.439766172847854,36-45
19,2023-05-15,23.0,Female,Dubai,Premium,181.0,88.7,Walk-in,1,Female,Dubai,1.81,27.07487561429749,18-25
20,2023-10-11,29.0,Male,Sharjah,Premium,152.2,71.4,Friend,0,Male,Sharjah,1.5219999999999998,30.82257421160691,26-35
21,2023-02-06,29.0,Male,Abu Dhabi,Premium,177.4,61.1,Social Media,0,Male,Abu Dhabi,1.774,19.414847305880123,26-35
22,2023-11-19,26.0,Female,Sharjah,Standard,173.6,83.4,Social Media,0,Female,Sharjah,1.736,27.673660515194634,26-35
23,2023-09-03,20.0,Male,Al Ain,Standard,160.6,83.6,Online Ad,0,Male,Al Ain,1.6059999999999999,32.41269895426398,18-25
24,2024-04-15,37.0,Male,Dubai,Basic,165.9,83.9,Friend,1,Male,Dubai,1.659,30.483805977659987,36-45
25,2023-02-23,18.0,Female,Al Ain,Basic,174.3,100.0,Online Ad,1,Female,Al Ain,1.743,32.91586146240564,18-25
26,2023-09-26,24.0,Female,Sharjah,Standard,162.7,66.3,Friend,1,Female,Sharjah,1.6269999999999998,25.04600266930702,18-25
27,2024-01-28,27.0,Female,Al Ain,Premium,171.6,79.1,Online Ad,0,Female,Al Ain,1.716,26.862220918164976,26-35
28,2023-09-04,45.0,Male,Abu Dhabi,Basic,167.2,65.9,Friend,1,Male,Abu Dhabi,1.672,23.5728921041185,36-45
29,2023-07-23,26.0,Female,Abu Dhabi,Basic,181.0,122.8,Social Media,0,Female,Abu Dhabi,1.81,37.483593296907905,26-35
30,2023-12-02,30.0,Male,Al Ain,Basic,163.8,106.7,Walk-in,1,Male,Al Ain,1.6380000000000001,39.768263211486655,26-35
31,2023-09-25,30.0,Female,dubai,Basic,168.9,67.7,Online Ad,0,Female,Dubai,1.689,23.731728409472918,26-35
32,2024-02-22,31.0,Male,Abu Dhabi,Basic,174.5,73.8,,0,Male,Abu Dhabi,1.745,24.23625421794566,26-35
33,2024-04-01,43.0,Male,Al Ain,Standard,186.9,86.5,Walk-in,1,Male,Al Ain,1.869,24.7626719753255,36-45
34,2023-09-30,22.0,Male,Sharjah,Basic,173.9,73.1,Walk-in,1,Male,Sharjah,1.739,24.172313211012384,18-25
35,2024-05-20,24.0,Male,Abu Dhabi,Premium,190.9,74.8,Walk-in,1,Male,Abu Dhabi,1.909,20.52531075402802,18-25
36,2023-05-13,23.0,Male,Al Ain,Premium,170.6,75.9,Friend,1,Male,Al Ain,1.706,26.078566922619157,18-25
37,2023-06-19,36.0,Female,Al Ain,Premium,167.7,79.3,Social Media,1,Female,Al Ain,1.6769999999999998,28.197269949568497,36-45
38,2023-03-11,28.0,Female,Sharjah,Basic,154.1,68.7,Friend,0,Female,Sharjah,1.541,28.93020157233751,26-35
39,2023-02-27,35.0,Male,Dubai,Standard,177.7,75.9,Social Media,1,Male,Dubai,1.777,24.03626150312456,26-35
40,2023-06-22,24.0,Male,Al Ain,Standard,170.2,82.5,Social Media,0,Male,Al Ain,1.702,28.479662414164025,18-25
41,2023-05-23,45.0,Female,Dubai,Premium,162.3,107.8,Online Ad,0,Female,Dubai,1.6230000000000002,40.924343492668726,36-45
42,2023-03-31,24.0,Female,Abu Dhabi,Standard,187.3,52.6,Online Ad,0,Female,Abu Dhabi,1.8730000000000002,14.993747379301043,18-25
43,2024-06-30,35.0,Female,abu dhabi,Basic,184.8,79.4,,0,Female,Abu Dhabi,1.848,23.24965798991773,26-35
44,2024-04-05,22.0,Male,Al Ain,Standard,186.4,78.4,Walk-in,0,Male,Al Ain,1.864,22.564423732247786,18-25
45,2024-04-02,20.0,Male,Dubai,Premium,163.6,75.0,Friend,1,Male,Dubai,1.636,28.021711969679764,18-25
46,2023-11-02,27.0,Female,Sharjah,Basic,184.9,88.2,Walk-in,1,Female,Sharjah,1.849,25.798518252451665,26-35
47,2023-11-02,18.0,Male,Abu Dhabi,Basic,184.4,89.7,Social Media,1,Male,Abu Dhabi,1.844,26.379746001571608,18-25
48,2023-05-18,32.0,Female,Abu Dhabi,Standard,181.2,53.4,Online Ad,0,Female,Abu Dhabi,1.8119999999999998,16.26390655380612,26-35
49,2023-04-21,22.0,Female,Al Ain,Basic,174.9,62.8,Social Media,0,Female,Al Ain,1.749,20.529578120438664,18-25
50,2023-08-21,26.0,Female,Abu Dhabi,Basic,189.6,72.0,Online Ad,1,Female,Abu Dhabi,1.896,20.028841531805803,26-35
51,2023-02-17,29.0,Male,Sharjah,Standard,167.8,52.3,Online Ad,1,Male,Sharjah,1.6780000000000002,18.574527539311937,26-35
52,2024-06-09,39.0,Male,Dubai,Basic,166.4,88.5,Walk-in,0,Male,Dubai,1.6640000000000001,31.96219720784023,36-45
53,2024-04-29,31.0,Male,Abu Dhabi,Standard,157.1,95.1,Friend,0,Male,Abu Dhabi,1.571,38.532585155595065,26-35
54,2023-04-21,20.0,Female,Sharjah,Basic,172.3,87.6,Walk-in,0,Female,Sharjah,1.723,29.507577148335194,18-25
55,2024-01-12,27.0,Female,Dubai,Basic,167.6,77.7,Online Ad,1,Female,Dubai,1.676,27.66132569306395,26-35
56,2023-01-06,34.0,Unknown,Dubai,Basic,175.3,78.1,Walk-in,0,Other,Dubai,1.7530000000000001,25.414829569324393,26-35
57,2023-01-26,36.0,Female,Al Ain,Basic,162.4,52.1,Social Media,0,Female,Al Ain,1.624,19.75448324395156,36-45
58,2024-05-25,35.0,Female,Al Ain,Basic,164.0,86.4,Social Media,0,Female,Al Ain,1.64,32.12373587150506,26-35
59,2024-02-23,34.0,Female,Sharjah,Basic,168.0,76.3,Friend,0,Female,Sharjah,1.68,27.03373015873016,26-35
60,2023-12-15,28.0,Female,Sharjah,Premium,170.45,106.1,Online Ad,0,Female,Sharjah,1.7045,36.519209887447005,26-35
61,2023-02-11,38.0,Male,Abu Dhabi,Standard,165.9,79.9,Walk-in,0,Male,Abu Dhabi,1.659,29.030466002562967,36-45
62,2023-04-14,28.0,Male,Sharjah,Basic,175.1,77.2,Online Ad,1,Male,Sharjah,1.751,25.17937861077019,26-35
63,2024-02-24,36.0,M,Sharjah,Basic,177.2,41.3,Social Media,0,Male,Sharjah,1.7719999999999998,13.15293326335421,36-45
64,2023-01-15,34.0,Male,Abu Dhabi,Standard,169.89999999999998,103.2,Walk-in,0,Male,Abu Dhabi,1.6989999999999998,35.751390649417786,26-35
65,2023-01-11,29.0,Female,Al Ain,Basic,173.3,71.0,Online Ad,1,Female,Al Ain,1.733,23.64074852603262,26-35
66,2024-04-04,26.0,Female,Al Ain,Premium,170.45,72.2,Walk-in,1,Female,Al Ain,1.7045,24.8509609224663,26-35
67,2023-10-23,27.0,Female,Sharjah,Basic,165.3,77.7,,0,Female,Sharjah,1.653,28.436445641922568,26-35
68,2024-03-11,30.0,M,Abu Dhabi,Premium,154.4,33.2,Walk-in,0,Male,Abu Dhabi,1.544,13.926548363714462,26-35
69,2023-06-28,33.0,Female,Sharjah,Basic,154.7,76.2,Social Media,1,Female,Sharjah,1.547,31.840094199879747,26-35
70,2023-05-28,19.0,Female,Sharjah,Basic,162.2,85.1,Walk-in,0,Female,Sharjah,1.6219999999999999,32.34654207483113,18-25
71,2023-10-12,19.0,Female,Sharjah,Standard,184.7,66.5,Walk-in,0,Female,Sharjah,1.847,19.49341166655772,18-25
72,2023-09-21,18.0,Male,Sharjah,Standard,179.4,94.1,Social Media,0,Male,Sharjah,1.794,29.237803703413704,18-25
73,2024-03-18,47.0,Male,Sharjah,Premium,171.5,75.2,Friend,1,Male,Sharjah,1.715,25.567578134960772,46-60
74,2024-03-27,30.0,Female,Al Ain,Standard,176.9,82.0,Online Ad,0,Female,Al Ain,1.7690000000000001,26.20343258575792,26-35
75,2023-10-12,36.0,Male,Sharjah,Basic,168.2,55.8,Friend,0,Male,Sharjah,1.682,19.723419687507512,36-45
76,2023-02-22,42.0,Female,Abu Dhabi,Standard,171.1,77.3,Social Media,0,Female,Abu Dhabi,1.7109999999999999,26.404592827856746,36-45
77,2023-07-28,32.0,Male,Dubai,Standard,152.9,66.9,Walk-in,1,Male,Dubai,1.5290000000000001,28.61614626486574,26-35
78,2023-05-08,24.0,Male,Abu Dhabi,Premium,172.6,89.7,Online Ad,0,Male,Abu Dhabi,1.726,30.110007263997293,18-25
79,2024-03-30,38.0,Male,Al Ain,Basic,172.6,77.2,Social Media,0,Male,Al Ain,1.726,25.91407537102108,36-45
80,2023-10-23,28.0,Male,Sharjah,Basic,152.5,73.1,Walk-in,0,Male,Sharjah,1.525,31.43241064230046,26-35
81,2023-09-01,29.0,Male,Abu Dhabi,Standard,163.4,104.6,Friend,0,Male,Abu Dhabi,1.6340000000000001,39.17667557068356,26-35
82,2023-05-11,29.0,Female,Dubai,Basic,176.6,90.2,Social Media,0,Female,Dubai,1.766,28.921788046259472,26-35
83,2023-11-14,38.0,Male,Abu Dhabi,Standard,169.89999999999998,77.2,Online Ad,1,Male,Abu Dhabi,1.6989999999999998,26.744257346269894,36-45
84,2024-02-05,27.0,Male,Sharjah,Basic,169.6,85.2,Friend,0,Male,Sharjah,1.696,29.620194019223927,26-35
85,2024-02-06,45.0,Female,Dubai,Standard,173.4,77.7,Walk-in,0,Female,Dubai,1.734,25.84180425681366,36-45
86,2024-05-11,21.0,Female,Al Ain,Premium,159.1,39.4,Friend,0,Female,Al Ain,1.591,15.565241472598261,18-25
87,2023-05-21,34.0,Male,abu dhabi,Standard,168.3,50.9,Social Media,1,Male,Abu Dhabi,1.683,17.970060960519174,26-35
88,2023-12-25,33.0,Female,Dubai,Premium,176.7,99.2,Online Ad,0,Female,Dubai,1.767,31.771562465870392,26-35
89,2024-02-03,40.0,Female,Al Ain,Premium,160.0,74.3,Social Media,1,Female,Al Ain,1.6,29.023437499999993,36-45
90,2023-11-06,34.0,Male,Abu Dhabi,Basic,163.6,77.2,Social Media,0,Male,Abu Dhabi,1.636,28.843682187457038,26-35
91,2024-06-04,27.0,Female,Sharjah,Basic,158.3,110.4,Friend,1,Female,Sharjah,1.5830000000000002,44.05622116542272,26-35
92,2023-09-24,36.0,Male,Sharjah,Premium,175.4,77.2,Social Media,1,Male,Sharjah,1.754,25.093319846215657,36-45
93,2023-08-14,18.0,Female,Abu Dhabi,Standard,157.4,22.8,Social Media,1,Female,Abu Dhabi,1.574,9.202914579192694,18-25
94,2023-11-19,23.0,Female,Abu Dhabi,Premium,179.3,81.3,Walk-in,0,Female,Abu Dhabi,1.7930000000000001,25.28890159382291,18-25
95,2023-12-29,32.0,Female,Sharjah,Basic,163.7,66.9,Walk-in,0,Female,Sharjah,1.6369999999999998,24.964838387189353,26-35
96,2023-12-22,34.0,Unknown,Al Ain,Basic,160.1,77.3,Friend,0,Other,Al Ain,1.601,30.157603715042246,26-35
97,2023-12-31,27.0,F,Al Ain,Premium,172.2,68.3,Walk-in,0,Female,Al Ain,1.722,23.03320693734563,26-35
98,2024-06-07,31.0,Female,al ain,Premium,164.4,80.7,Social Media,0,Female,Al Ain,1.6440000000000001,29.858632141652013,26-35
99,2023-01-29,40.0,F,Al Ain,Standard,169.3,81.6,Social Media,0,Female,Al Ain,1.693,28.469264184653877,36-45
100,2023-05-10,26.0,Male,Abu Dhabi,Basic,174.3,78.6,Social Media,0,Male,Abu Dhabi,1.743,25.87186710945083,26-35
101,2024-03-28,29.0,Female,Abu Dhabi,Basic,172.4,77.7,Online Ad,0,Female,Abu Dhabi,1.724,26.142462626708515,26-35
102,2023-11-05,37.0,Female,Sharjah,Basic,168.4,54.9,Friend,0,Female,Sharjah,1.6840000000000002,19.359234037271282,36-45
103,2023-09-30,20.0,Male,Dubai,Standard,176.1,79.4,Social Media,0,Male,Dubai,1.761,25.603644617543146,18-25
104,2023-10-01,29.0,Female,Al Ain,Premium,179.4,87.7,Social Media,0,Female,Al Ain,1.794,27.249260199674623,26-35
105,2023-02-15,30.0,Female,Dubai,Standard,158.4,71.3,Social Media,1,Female,Dubai,1.584,28.417062034486275,26-35
106,2023-04-13,25.0,Female,Sharjah,Basic,172.8,63.0,Walk-in,1,Female,Sharjah,1.7280000000000002,21.098572530864192,18-25
107,2023-01-09,30.0,Female,Sharjah,Basic,173.6,76.7,Friend,1,Female,Sharjah,1.736,25.450476756779718,26-35
108,2024-05-29,36.0,Male,Dubai,Standard,169.89999999999998,68.6,Walk-in,1,Male,Dubai,1.6989999999999998,23.764974792151744,36-45
109,2023-12-22,33.0,Male,Dubai,Basic,169.89999999999998,67.7,Online Ad,0,Male,Dubai,1.6989999999999998,23.453189408581242,26-35
110,2023-02-04,51.0,Male,Al Ain,Premium,181.3,70.9,Social Media,0,Male,Al Ain,1.8130000000000002,21.570023933903848,46-60
111,2023-12-30,30.0,Female,Abu Dhabi,Standard,185.8,94.8,Walk-in,0,Female,Abu Dhabi,1.858,27.461036034209265,26-35
112,2024-01-06,33.0,Female,Al Ain,Basic,170.45,95.8,Friend,0,Female,Al Ain,1.7045,32.97398970044697,26-35
113,2024-06-09,29.0,Female,Sharjah,Standard,181.7,77.7,Social Media,0,Female,Sharjah,1.817,23.53483534247729,26-35
114,2023-06-12,22.0,M,Al Ain,Standard,170.8,77.2,Friend,0,Male,Al Ain,1.7080000000000002,26.463151775087884,18-25
115,2023-12-27,19.0,Male,al ain,Standard,165.7,70.2,Social Media,1,Male,Al Ain,1.6569999999999998,25.567725517719133,18-25
116,2023-06-05,44.0,Male,Dubai,Basic,157.6,84.4,Social Media,1,Male,Dubai,1.5759999999999998,33.980519982478306,36-45
117,2023-06-10,25.0,Female,Dubai,Standard,170.1,73.0,Walk-in,0,Female,Dubai,1.7009999999999998,25.229824694192065,18-25
118,2024-03-03,37.0,Female,Al Ain,Standard,166.1,68.6,Walk-in,0,Female,Al Ain,1.661,24.864793156455004,36-45
119,2023-12-18,35.0,Male,Abu Dhabi,Premium,157.8,69.0,Social Media,0,Male,Abu Dhabi,1.578,27.70990858139725,26-35
120,2023-01-01,31.0,Male,Abu Dhabi,Standard,169.4,79.9,Online Ad,1,Male,Abu Dhabi,1.694,27.84325259370875,26-35
121,2023-06-08,33.0,Male,Dubai,Premium,173.6,94.3,Online Ad,0,Male,Dubai,1.736,31.290481853511437,26-35
122,2024-03-30,28.0,Male,Sharjah,Basic,154.5,70.4,Social Media,0,Male,Sharjah,1.545,29.49277866800725,26-35
123,2023-04-12,31.0,Female,Abu Dhabi,Standard,163.0,68.2,Friend,0,Female,Abu Dhabi,1.63,25.669012759230686,26-35
124,2023-05-13,29.0,Female,Sharjah,Premium,167.5,80.9,Walk-in,0,Female,Sharjah,1.675,28.834929828469594,26-35
125,2023-11-20,28.0,Female,Dubai,Premium,175.5,46.3,Online Ad,1,Female,Dubai,1.755,15.032345516676003,26-35
126,2023-01-02,32.0,Male,Sharjah,Basic,188.5,78.3,Online Ad,1,Male,Sharjah,1.885,22.036319118547237,26-35
127,2024-03-20,39.0,Male,Abu Dhabi,Premium,169.2,70.7,Social Media,0,Male,Abu Dhabi,1.692,24.695549631418054,36-45
128,2024-01-13,32.0,Male,Dubai,Basic,176.9,81.9,Walk-in,0,Male,Dubai,1.7690000000000001,26.171477180165535,26-35
129,2023-05-26,26.0,Male,Dubai,Standard,169.89999999999998,66.8,,0,Male,Dubai,1.6989999999999998,23.141404025010736,26-35
130,2023-06-09,23.0,Male,Dubai,Basic,186.7,88.8,Friend,0,Male,Dubai,1.867,25.47559463853488,18-25
131,2023-06-16,37.0,Female,Dubai,Standard,164.8,50.5,Social Media,0,Female,Dubai,1.6480000000000001,18.594177113771323,36-45
132,2024-02-29,41.0,Male,Abu Dhabi,Standard,176.3,51.7,Walk-in,0,Male,Abu Dhabi,1.7630000000000001,16.63358716980962,36-45
133,2024-01-16,20.0,Female,Dubai,Basic,168.1,62.6,Social Media,0,Female,Dubai,1.681,22.153324361119004,18-25
134,2023-10-14,31.0,Male,Abu Dhabi,Basic,146.6,67.5,Walk-in,0,Male,Abu Dhabi,1.466,31.407678176921543,26-35
135,2023-04-14,24.0,Female,Sharjah,Standard,177.9,56.4,Social Media,0,Female,Sharjah,1.7790000000000001,17.820800476232453,18-25
136,2024-04-25,30.0,Male,Sharjah,Standard,164.5,87.2,Friend,0,Male,Sharjah,1.645,32.224388170840996,26-35
137,2023-11-07,33.0,Male,Sharjah,Standard,164.7,97.1,Friend,1,Male,Sharjah,1.6469999999999998,35.79579659287425,26-35
138,2023-05-14,30.0,Male,abu dhabi,Basic,177.1,76.8,Friend,0,Male,Abu Dhabi,1.771,24.486352525043515,26-35
139,2023-10-16,29.0,Female,Sharjah,Basic,178.2,65.9,Friend,0,Female,Sharjah,1.7819999999999998,20.75248053549588,26-35
140,2023-03-20,28.0,Female,Al Ain,Standard,160.6,77.7,Friend,0,Female,Al Ain,1.6059999999999999,30.125199865386502,26-35
141,2023-02-12,40.0,Male,Abu Dhabi,Premium,182.2,77.2,Social Media,0,Male,Abu Dhabi,1.8219999999999998,23.25522549736662,36-45
142,2023-04-09,27.0,Male,Al Ain,Standard,157.3,84.4,Social Media,0,Male,Al Ain,1.5730000000000002,34.11025777089465,26-35
143,2023-08-09,30.0,Male,Al Ain,Basic,192.9,93.1,Social Media,0,Male,Al Ain,1.929,25.019880189441608,26-35
144,2024-05-24,27.0,Male,Sharjah,Standard,169.89999999999998,57.1,Social Media,0,Male,Sharjah,1.6989999999999998,19.78105044652864,26-35
145,2023-08-30,21.0,Male,Al Ain,Standard,175.1,64.7,Friend,0,Male,Al Ain,1.751,21.102406685451182,18-25
146,2023-08-15,26.0,Male,Dubai,Premium,163.3,90.6,,1,Male,Dubai,1.633,33.97471546175801,26-35
147,2023-01-29,32.0,Female,Dubai,Standard,168.3,80.5,Walk-in,0,Female,Dubai,1.683,28.420233935595157,26-35
148,2024-04-11,28.0,Male,abu dhabi,Standard,180.9,83.6,Walk-in,0,Male,Abu Dhabi,1.8090000000000002,25.546366808546782,26-35
149,2023-05-28,24.0,Female,Sharjah,Basic,183.0,79.2,Online Ad,0,Female,Sharjah,1.83,23.649556570814294,18-25
150,2023-05-18,25.0,Female,Al Ain,Standard,157.5,67.5,Social Media,0,Female,Al Ain,1.575,27.2108843537415,18-25
151,2023-06-18,29.0,Male,Al Ain,Standard,175.7,75.6,Online Ad,0,Male,Al Ain,1.757,24.48940719761818,26-35
152,2024-06-06,35.0,Female,Abu Dhabi,Standard,158.9,77.7,Online Ad,0,Female,Abu Dhabi,1.589,30.77324003404463,26-35
153,2023-06-21,31.0,Female,Sharjah,Premium,168.4,87.6,,1,Female,Sharjah,1.6840000000000002,30.890143928323575,26-35
154,2023-10-29,24.0,Female,Al Ain,Premium,169.1,77.7,Walk-in,0,Female,Al Ain,1.6909999999999998,27.172763169260442,18-25
155,2024-04-07,38.0,Male,Sharjah,Standard,170.2,86.3,Walk-in,1,Male,Sharjah,1.702,29.79145292536188,36-45
156,2023-08-17,32.0,Male,Al Ain,Premium,167.9,62.2,Friend,0,Male,Al Ain,1.679,22.064240995430715,26-35
157,2024-04-17,41.0,Male,Abu Dhabi,Basic,173.9,63.2,Friend,1,Male,Abu Dhabi,1.739,20.898634677646825,36-45
158,2023-01-20,34.0,Male,Sharjah,Basic,187.3,69.0,Online Ad,0,Male,Sharjah,1.8730000000000002,19.668603976649656,26-35
159,2023-06-03,20.0,Female,Al Ain,Basic,152.4,66.7,Friend,1,Female,Al Ain,1.524,28.71811299178154,18-25
160,2023-12-02,47.0,Female,Dubai,Standard,160.1,80.8,Online Ad,0,Female,Dubai,1.601,31.523083831505996,46-60
161,2024-06-25,30.0,Male,Dubai,Basic,183.1,84.3,Social Media,1,Male,Dubai,1.831,25.144956348296127,26-35
162,2023-06-10,34.0,Male,Sharjah,Premium,182.0,45.9,Online Ad,0,Male,Sharjah,1.82,13.85702209878034,26-35
163,2024-05-14,20.0,Male,Dubai,Basic,158.3,90.5,Social Media,0,Male,Dubai,1.5830000000000002,36.11492767636555,18-25
164,2023-02-18,28.0,Male,al ain,Premium,171.0,77.2,Online Ad,1,Male,Al Ain,1.71,26.40128586573647,26-35
165,2023-07-01,26.0,Male,Dubai,Basic,166.5,88.3,Friend,0,Male,Dubai,1.665,31.851671491311127,26-35
166,2023-07-01,25.0,Male,Abu Dhabi,Basic,180.5,105.5,Social Media,0,Male,Abu Dhabi,1.805,32.38158086570852,18-25
167,2024-06-02,28.0,Female,Sharjah,Premium,167.6,83.1,Social Media,1,Female,Sharjah,1.676,29.58373442848924,26-35
168,2023-03-23,38.0,Male,Sharjah,Premium,161.8,72.5,Friend,0,Male,Sharjah,1.618,27.693699282332105,36-45
169,2023-12-20,37.0,Male,Dubai,Standard,169.89999999999998,81.1,Social Media,0,Male,Dubai,1.6989999999999998,28.095327341742074,36-45
170,2023-04-08,30.0,Female,Al Ain,Basic,170.7,74.7,Walk-in,1,Female,Al Ain,1.7069999999999999,25.63619460033791,26-35
171,2023-02-01,25.0,Male,Al Ain,Premium,164.9,69.6,Social Media,0,Male,Al Ain,1.649,25.59575404686891,18-25
172,2023-01-26,33.0,M,Al Ain,Basic,164.8,93.1,Walk-in,1,Male,Al Ain,1.6480000000000001,34.2795621642002,26-35
173,2023-06-27,29.0,Male,Al Ain,Basic,161.2,90.7,Walk-in,1,Male,Al Ain,1.6119999999999999,34.90416171517589,26-35
174,2023-04-14,20.0,Female,Sharjah,Basic,195.4,77.7,Walk-in,0,Female,Sharjah,1.954,20.35035080128524,18-25
175,2023-09-17,23.0,Male,Abu Dhabi,Premium,181.4,80.8,Walk-in,0,Male,Abu Dhabi,1.814,24.554822287512653,18-25
176,2024-01-17,24.0,Female,Al Ain,Basic,172.8,86.0,Social Media,0,Female,Al Ain,1.7280000000000002,28.801225994513025,18-25
177,2023-08-14,30.0,Female,Dubai,Standard,171.1,78.7,Friend,1,Female,Dubai,1.7109999999999999,26.882813137804995,26-35
178,2023-10-06,32.0,Female,Dubai,Standard,173.7,63.1,Friend,0,Female,Dubai,1.7369999999999999,20.913644545598874,26-35
179,2023-09-05,27.0,Female,Dubai,Basic,175.2,90.4,Friend,1,Female,Dubai,1.7519999999999998,29.4510122808115,26-35
180,2024-02-05,20.0,Male,Sharjah,Standard,160.3,77.2,Online Ad,0,Male,Sharjah,1.6030000000000002,30.04348132342313,18-25
181,2023-05-22,30.0,Male,abu dhabi,Standard,181.0,71.7,Online Ad,1,Male,Abu Dhabi,1.81,21.88577882238027,26-35
182,2024-03-01,32.0,male,Sharjah,Standard,192.0,83.0,Online Ad,0,Male,Sharjah,1.92,22.51519097222222,26-35
183,2024-03-12,23.0,F,Dubai,Basic,170.9,90.8,Online Ad,0,Female,Dubai,1.709,31.08863994390349,18-25
184,2024-05-28,23.0,Male,Sharjah,Basic,170.7,92.4,Social Media,0,Male,Sharjah,1.7069999999999999,31.710634284755326,18-25
185,2023-07-20,31.0,Male,Sharjah,Basic,169.89999999999998,97.1,Social Media,0,Male,Sharjah,1.6989999999999998,33.638178605217696,26-35
186,2024-02-10,27.0,Female,Sharjah,Standard,167.5,62.4,Social Media,1,Female,Sharjah,1.675,22.241033637781243,26-35
187,2024-05-06,30.0,Male,Dubai,Basic,175.5,65.8,Online Ad,0,Male,Dubai,1.755,21.363462958904556,26-35
188,2023-12-28,29.0,Male,Dubai,Basic,170.8,53.1,Friend,1,Male,Dubai,1.7080000000000002,18.201986518875216,26-35
189,2023-07-09,32.0,Male,Dubai,Basic,172.9,87.4,Social Media,0,Male,Dubai,1.729,29.23623513559893,26-35
190,2023-07-02,25.0,M,Sharjah,Basic,156.2,47.1,,1,Male,Sharjah,1.5619999999999998,19.30451291148123,18-25
191,2023-04-19,18.0,Male,Abu Dhabi,Basic,179.0,99.2,Friend,0,Male,Abu Dhabi,1.79,30.96033207452951,18-25
192,2024-02-24,36.0,Female,Abu Dhabi,Basic,175.1,72.5,,0,Female,Abu Dhabi,1.751,23.646437166850244,36-45
193,2023-07-21,30.0,Female,Sharjah,Standard,152.7,75.9,Online Ad,1,Female,Sharjah,1.527,32.55095253350626,26-35
194,2023-09-25,24.0,Male,Abu Dhabi,Standard,182.7,62.0,Social Media,0,Male,Abu Dhabi,1.827,18.57439148645762,18-25
195,2023-10-04,25.0,Male,Dubai,Premium,187.8,79.3,Walk-in,1,Male,Dubai,1.8780000000000001,22.48443668688848,18-25
196,2023-01-23,31.0,female,Dubai,Standard,159.1,68.8,Social Media,0,Female,Dubai,1.591,27.179914043521837,26-35
197,2024-02-25,27.0,Female,Sharjah,Basic,177.8,49.7,Friend,1,Female,Sharjah,1.778,15.7214600143486,26-35
198,2024-01-27,24.0,Female,Sharjah,Basic,165.3,74.8,Walk-in,0,Female,Sharjah,1.653,27.375111119894566,18-25
199,2023-06-04,18.0,Female,Abu Dhabi,Basic,155.5,67.9,Friend,0,Female,Abu Dhabi,1.555,28.08076839569484,18-25
200,2023-07-20,18.0,Male,Abu Dhabi,Basic,158.1,77.2,Social Media,0,Male,Abu Dhabi,1.581,30.885423480363155,18-25
201,2023-12-31,34.0,Male,Dubai,Basic,175.0,45.3,Online Ad,0,Male,Dubai,1.75,14.791836734693877,26-35
202,2024-04-27,35.0,Male,Abu Dhabi,Basic,180.7,65.5,Walk-in,0,Male,Abu Dhabi,1.807,20.05972591983031,26-35
203,2024-06-03,29.0,Female,Dubai,Standard,164.3,69.6,Social Media,0,Female,Dubai,1.643,25.783039427675796,26-35
204,2024-06-07,31.0,Female,Al Ain,Standard,169.2,46.1,Walk-in,0,Female,Al Ain,1.692,16.102755841702578,26-35
205,2023-08-04,44.0,Female,Dubai,Standard,158.4,97.8,Walk-in,1,Female,Dubai,1.584,38.97880318334863,36-45
206,2023-02-17,30.0,Male,Abu Dhabi,Basic,159.0,62.3,Social Media,0,Male,Abu Dhabi,1.59,24.64301253906095,26-35
207,2024-05-08,35.0,Female,Dubai,Standard,161.4,91.3,,0,Female,Dubai,1.614,35.0480384614794,26-35
208,2023-10-13,33.0,Male,Dubai,Basic,175.2,85.7,Social Media,0,Male,Dubai,1.7519999999999998,27.919820270636567,26-35
209,2023-07-07,38.0,Female,Dubai,Standard,177.1,64.9,Walk-in,0,Female,Dubai,1.771,20.692243214522453,36-45
210,2023-07-07,28.0,Male,Sharjah,Standard,168.6,50.7,Friend,0,Male,Sharjah,1.686,17.835809239160263,26-35
211,2023-01-13,22.0,Female,Dubai,Basic,176.4,92.3,Social Media,0,Female,Dubai,1.764,29.66228063409793,18-25
212,2024-03-12,31.0,Male,Dubai,Standard,168.6,91.3,Online Ad,0,Male,Dubai,1.686,32.11852827485861,26-35
213,2023-06-09,18.0,Female,Sharjah,Premium,188.0,64.6,Walk-in,0,Female,Sharjah,1.88,18.277501131733814,18-25
214,2023-12-20,40.0,Male,Sharjah,Premium,176.9,98.9,Social Media,0,Male,Sharjah,1.7690000000000001,31.603896130871444,36-45
215,2024-01-25,35.0,Male,Abu Dhabi,Basic,161.3,78.9,Social Media,0,Male,Abu Dhabi,1.6130000000000002,30.325520828328717,26-35
216,2023-07-17,31.0,Female,Sharjah,Basic,184.2,88.9,Friend,0,Female,Sharjah,1.8419999999999999,26.20128006073746,26-35
217,2023-08-23,31.0,Female,Abu Dhabi,Premium,170.7,68.4,Social Media,0,Female,Abu Dhabi,1.7069999999999999,23.474105899104593,26-35
218,2024-06-23,30.0,Female,Dubai,Basic,167.1,79.9,Social Media,1,Female,Dubai,1.671,28.615008518247528,26-35
219,2023-01-31,24.0,Female,Abu Dhabi,Basic,184.2,85.1,Online Ad,1,Female,Abu Dhabi,1.8419999999999999,25.081315333731805,18-25
220,2023-01-28,28.0,Female,Dubai,Basic,171.1,70.3,Social Media,0,Female,Dubai,1.7109999999999999,24.013491278115513,26-35
221,2023-02-13,32.0,Male,Al Ain,Basic,163.7,62.1,Online Ad,0,Male,Al Ain,1.6369999999999998,23.173639220395494,26-35
222,2024-06-19,38.0,Male,Dubai,Standard,161.3,77.2,Online Ad,1,Male,Dubai,1.6130000000000002,29.672119238871698,36-45
223,2024-05-16,28.0,Female,Sharjah,Basic,171.9,89.8,Walk-in,1,Female,Sharjah,1.719,30.389571977430492,26-35
224,2023-11-03,20.0,Male,Al Ain,Basic,166.0,72.3,Social Media,1,Male,Al Ain,1.66,26.237480040644506,18-25
225,2023-08-14,30.0,Male,Sharjah,Premium,168.9,83.1,Online Ad,1,Male,Sharjah,1.689,29.130083173223035,26-35
226,2024-06-12,30.0,Male,Abu Dhabi,Standard,173.3,69.5,Online Ad,1,Male,Abu Dhabi,1.733,23.141296092384046,26-35
227,2024-02-16,37.0,Male,Sharjah,Standard,175.2,81.7,Online Ad,0,Male,Sharjah,1.7519999999999998,26.61667813431747,36-45
228,2024-04-03,31.0,Female,Sharjah,Premium,171.1,81.2,Friend,1,Female,Sharjah,1.7109999999999999,27.73677797699829,26-35
229,2023-07-29,20.0,M,Al Ain,Standard,171.9,39.4,Online Ad,1,Male,Al Ain,1.719,13.33350930858309,18-25
230,2023-09-29,34.0,Female,Dubai,Basic,178.2,73.8,Walk-in,0,Female,Dubai,1.7819999999999998,23.240258930494626,26-35
231,2023-06-03,30.0,Male,Sharjah,Premium,183.2,64.1,Friend,0,Male,Sharjah,1.8319999999999999,19.098844415628992,26-35
232,2023-02-08,37.0,Male,Dubai,Premium,164.5,94.0,Online Ad,0,Male,Dubai,1.645,34.73729917498915,36-45
233,2023-06-20,30.0,Female,Sharjah,Basic,156.8,127.4,Walk-in,0,Female,Sharjah,1.568,51.81760204081632,26-35
234,2024-02-08,19.0,M,Dubai,Premium,174.1,51.3,Walk-in,0,Male,Dubai,1.7409999999999999,16.924654933338967,18-25
235,2023-04-24,33.0,M,Abu Dhabi,Standard,176.6,82.4,,0,Male,Abu Dhabi,1.766,26.420790853789143,26-35
236,2023-10-09,41.0,Male,Sharjah,Standard,176.6,83.1,Online Ad,0,Male,Sharjah,1.766,26.645239319780064,36-45
237,2023-04-19,21.0,Male,Sharjah,Premium,173.6,35.9,,1,Male,Sharjah,1.736,11.91228312344709,18-25
238,2023-07-08,31.0,Female,Sharjah,Standard,168.3,85.0,Social Media,1,Female,Sharjah,1.683,30.00894266491414,26-35
239,2024-05-23,34.0,Male,Abu Dhabi,Basic,144.4,93.3,Social Media,1,Male,Abu Dhabi,1.444,44.74528280169735,26-35
240,2023-11-02,35.0,Female,Dubai,Basic,177.1,63.7,Friend,0,Female,Dubai,1.771,20.309643956318645,26-35
241,2023-09-29,30.0,F,Abu Dhabi,Basic,161.9,84.8,Online Ad,0,Female,Abu Dhabi,1.619,32.352076045691206,26-35
242,2023-04-12,19.0,Male,Abu Dhabi,Basic,167.3,78.3,Friend,1,Male,Abu Dhabi,1.673,27.974986146486742,18-25
243,2023-11-09,35.0,Male,Abu Dhabi,Standard,163.8,81.9,Walk-in,0,Male,Abu Dhabi,1.6380000000000001,30.525030525030523,26-35
244,2024-04-18,41.0,Male,abu dhabi,Premium,169.4,81.8,Online Ad,0,Male,Abu Dhabi,1.694,28.505357473909584,36-45
245,2023-06-17,30.0,Male,Dubai,Basic,163.4,67.8,Walk-in,0,Male,Dubai,1.6340000000000001,25.393676899544406,26-35
246,2023-01-22,23.0,Male,Sharjah,Premium,166.3,77.2,Social Media,0,Male,Sharjah,1.663,27.914689526820702,18-25
247,2023-11-27,27.0,Female,Dubai,Basic,170.45,71.3,Friend,0,Female,Dubai,1.7045,24.54118440127212,26-35
248,2024-03-25,25.0,Female,Dubai,Basic,176.7,84.9,Social Media,0,Female,Dubai,1.767,27.191589247503998,18-25
249,2023-01-29,32.0,Male,Abu Dhabi,Standard,168.3,75.7,Friend,1,Male,Abu Dhabi,1.683,26.725611290988244,26-35
250,2024-02-29,32.0,Male,Dubai,Standard,178.0,106.7,,1,Male,Dubai,1.78,33.6763034970332,26-35
251,2024-03-14,29.0,Female,Dubai,Basic,171.9,92.8,Online Ad,0,Female,Dubai,1.719,31.404813802957122,26-35
252,2024-03-18,37.0,female,Sharjah,Basic,167.9,79.2,Friend,0,Female,Sharjah,1.679,28.094660560098273,36-45
253,2024-02-18,23.0,Male,Sharjah,Basic,187.0,69.2,Online Ad,0,Male,Sharjah,1.87,19.788955932397265,18-25
254,2023-06-15,32.0,Male,Al Ain,Premium,153.9,68.4,Social Media,0,Male,Al Ain,1.5390000000000001,28.878781315428487,26-35
255,2023-09-05,31.0,Male,Abu Dhabi,Basic,154.8,60.4,Friend,0,Male,Abu Dhabi,1.548,25.205483110657077,26-35
256,2023-11-27,18.0,Female,Dubai,Standard,179.2,64.6,Walk-in,0,Female,Dubai,1.7919999999999998,20.116689253826532,18-25
257,2024-05-08,34.0,Female,Abu Dhabi,Standard,167.9,71.5,Social Media,1,Female,Abu Dhabi,1.679,25.363235227866493,26-35
258,2023-05-03,40.0,Female,Sharjah,Basic,164.5,87.9,Walk-in,0,Female,Sharjah,1.645,32.483070185973894,36-45
259,2023-07-24,30.0,Male,Abu Dhabi,Standard,150.8,56.2,Friend,0,Male,Abu Dhabi,1.508,24.713464528702797,26-35
260,2023-01-21,35.0,Female,Sharjah,Basic,169.0,86.7,Friend,0,Female,Sharjah,1.69,30.35607996918876,26-35
261,2023-10-04,28.0,Female,Al Ain,Standard,171.6,53.8,Online Ad,1,Female,Al Ain,1.716,18.270385403252536,26-35
262,2023-08-01,24.0,Male,Dubai,Premium,166.8,87.0,Online Ad,1,Male,Dubai,1.6680000000000001,31.269948070320716,18-25
263,2024-04-01,33.0,Male,Abu Dhabi,Basic,160.7,89.6,Friend,0,Male,Abu Dhabi,1.607,34.69574810577092,26-35
264,2023-10-16,36.0,F,Dubai,Standard,160.3,78.1,Friend,0,Female,Dubai,1.6030000000000002,30.39372916268583,36-45
265,2023-07-25,26.0,Male,Al Ain,Standard,163.4,83.0,Walk-in,0,Male,Al Ain,1.6340000000000001,31.086654611536666,26-35
266,2023-06-24,32.0,Female,Dubai,Basic,171.3,79.5,Social Media,0,Female,Dubai,1.713,27.092707154417184,26-35
267,2023-10-22,33.0,Male,Dubai,Standard,161.9,74.3,Walk-in,1,Male,Dubai,1.619,28.346217573052552,26-35
268,2024-02-20,24.0,female,Al Ain,Standard,167.3,80.1,Online Ad,0,Female,Al Ain,1.673,28.618089276291034,18-25
269,2023-07-18,20.0,Female,Dubai,Premium,168.0,74.4,Online Ad,0,Female,Dubai,1.68,26.36054421768708,18-25
270,2024-06-01,30.0,Female,Al Ain,Basic,182.0,67.6,Walk-in,0,Female,Al Ain,1.82,20.40816326530612,26-35
271,2023-08-09,18.0,Male,Sharjah,Standard,176.2,88.5,Walk-in,1,Male,Sharjah,1.7619999999999998,28.50568374345014,18-25
272,2024-02-18,38.0,Male,Sharjah,Premium,162.7,76.2,Online Ad,0,Male,Sharjah,1.6269999999999998,28.785903520380014,36-45
273,2023-11-10,34.0,Male,Sharjah,Standard,177.9,68.4,Online Ad,0,Male,Sharjah,1.7790000000000001,21.612460152026593,26-35
274,2024-03-17,26.0,Male,Dubai,Standard,159.7,81.0,Friend,0,Male,Dubai,1.597,31.75961188970083,26-35
275,2023-09-24,24.0,Male,Dubai,Standard,163.5,61.4,Friend,0,Male,Dubai,1.635,22.968511816251905,18-25
276,2023-11-14,40.0,Female,Sharjah,Standard,158.2,61.6,Online Ad,0,Female,Sharjah,1.5819999999999999,24.61318147746216,36-45
277,2024-03-12,33.0,Male,Al Ain,Standard,176.3,77.2,Online Ad,1,Male,Al Ain,1.7630000000000001,24.83777426517026,26-35
278,2023-08-05,19.0,Female,Sharjah,Premium,165.3,84.7,Friend,1,Female,Sharjah,1.653,30.998287591645322,18-25
279,2023-01-27,35.0,F,Al Ain,Basic,176.1,74.4,Walk-in,0,Female,Al Ain,1.761,23.991324427521537,26-35
280,2024-05-22,29.0,female,Al Ain,Premium,180.7,105.3,Online Ad,0,Female,Al Ain,1.807,32.248689150505825,26-35
281,2023-05-05,41.0,Male,Abu Dhabi,Basic,187.5,85.6,Friend,0,Male,Abu Dhabi,1.875,24.348444444444443,36-45
282,2024-06-23,31.0,Male,Dubai,Premium,176.9,99.0,Walk-in,1,Male,Dubai,1.7690000000000001,31.635851536463832,26-35
283,2023-07-08,38.0,Female,Sharjah,Standard,181.7,55.3,Walk-in,1,Female,Sharjah,1.817,16.7500179464478,36-45
284,2023-09-17,36.0,Male,Sharjah,Premium,171.7,69.0,Social Media,0,Male,Sharjah,1.7169999999999999,23.40499218307182,36-45
285,2023-02-12,18.0,Female,Dubai,Standard,149.5,81.7,Friend,0,Female,Dubai,1.495,36.55440095748369,18-25
286,2023-05-30,37.0,F,Al Ain,Basic,178.3,99.7,Online Ad,1,Female,Al Ain,1.7830000000000001,31.361185547180334,36-45
287,2023-08-27,22.0,Male,Al Ain,Standard,184.9,99.4,Walk-in,1,Male,Al Ain,1.849,29.074520570223306,18-25
288,2024-01-01,39.0,Female,Abu Dhabi,Premium,167.9,63.8,Friend,0,Female,Abu Dhabi,1.679,22.631809895634717,36-45
289,2023-10-03,29.0,Female,al ain,Basic,162.3,83.1,Social Media,0,Female,Al Ain,1.6230000000000002,31.547429909469116,26-35
290,2023-03-01,30.0,Female,Al Ain,Basic,172.0,79.3,Friend,1,Female,Al Ain,1.72,26.805029745808547,26-35
291,2024-01-11,29.0,Male,Al Ain,Standard,161.5,80.2,Online Ad,0,Male,Al Ain,1.615,30.74888094393697,26-35
292,2023-12-09,22.0,Male,Sharjah,Standard,187.4,77.2,Online Ad,0,Male,Sharjah,1.874,21.982552914738445,18-25
293,2024-02-03,31.0,Female,Dubai,Standard,159.6,102.6,Online Ad,0,Female,Dubai,1.5959999999999999,40.27926960257788,26-35
294,2023-08-15,30.0,Female,Abu Dhabi,Premium,187.3,76.1,Online Ad,0,Female,Abu Dhabi,1.8730000000000002,21.69247482062375,26-35
295,2023-11-06,32.0,Male,Al Ain,Basic,154.8,65.9,Friend,1,Male,Al Ain,1.548,27.50068438728976,26-35
296,2024-02-26,26.0,Female,Al Ain,Basic,170.45,62.3,Walk-in,0,Female,Al Ain,1.7045,21.443419189330335,26-35
297,2023-11-04,22.0,Female,al ain,Premium,176.8,83.0,Social Media,0,Female,Al Ain,1.768,26.552998505354108,18-25
298,2024-04-25,38.0,Male,Dubai,Premium,177.0,77.7,Walk-in,1,Male,Dubai,1.77,24.801302307765965,36-45
299,2023-08-17,41.0,Female,Dubai,Premium,167.9,92.6,Social Media,0,Female,Dubai,1.679,32.84805009930682,36-45
300,2024-04-11,27.0,Female,Abu Dhabi,Basic,149.2,77.7,Friend,1,Female,Abu Dhabi,1.492,34.904656829273556,26-35
